product Url,product Title,product Brand,product Price,product Image Url,product Ref
https://www.bricoman.fr/pate-a-bois-rebouch-chene-clair-bte-250g-92055314.html,PATE A BOIS REBOUCH CHENE CLAIR BTE 250G,  brico-travo,"11,68€TTC","/pub/media/catalog/product/marketplace/MKP/84657030/0ef4e985bdd83c53e0284ccde12fe3a8.jpeg?width=113&height=108&canvas=113:108&quality=65&bg-color=255,255,255&fit=bounds",REF : 92055314
https://www.bricoman.fr/peinture-pour-bois-exterieur-opaque-finition-mate-owatrol-bois-color-carbone-ral-7043-1-litre-91883487.html,Peinture pour bois extérieur opaque - Finition Mate Owatrol BOIS COLOR Carbone RAL 7043 1 litre,  DURIEU,"35,41€TTC","/pub/media/catalog/product/marketplace/MKP/84466153/395af701b988381ca4d9e5744e8580e3.jpeg?width=113&height=108&canvas=113:108&quality=65&bg-color=255,255,255&fit=bounds",REF : 91883487
https://www.bricoman.fr/peinture-pour-bois-exterieur-opaque-finition-mate-owatrol-bois-color-noir-profond-ral-9005-2-5-litres-91883477.html,Peinture pour bois extérieur opaque - Finition Mate Owatrol BOIS COLOR Noir Profond (RAL 9005) 2.5 litres,  DURIEU,"82,78€TTC","/pub/media/catalog/product/marketplace/MKP/84466141/b927343d7d0d0fb960f43fc0e1a65778.jpeg?width=113&height=108&canvas=113:108&quality=65&bg-color=255,255,255&fit=bounds",REF : 91883477
https://www.bricoman.fr/nettoyant-depoussierant-brillant-pour-mobilier-interieur-400ml-starwax-92151301.html,Nettoyant dépoussiérant brillant pour mobilier intérieur 400ml STARWAX,  brico-travo,"11,18€TTC","/pub/media/catalog/product/marketplace/MKP/65168390/090acbdbb25f170e90c5b124424e3ff2.jpeg?width=113&height=108&canvas=113:108&quality=65&bg-color=255,255,255&fit=bounds",REF : 92151301
https://www.bricoman.fr/cire-des-antiquaires-en-pate-chene-clair-375ml-91722043.html,Cire Des Antiquaires En Pâte Chêne Clair 375ml,  brico-travo,"14,29€TTC","/pub/media/catalog/product/marketplace/MKP/84241959/27c4cfb3c30154bb3355484d040a2279.jpeg?width=113&height=108&canvas=113:108&quality=65&bg-color=255,255,255&fit=bounds",REF : 91722043
https://www.bricoman.fr/lasure-biosourcee-l-artisan-chene-clair-2-5l-1919-by-mauler-ne-pele-pas-ne-s-ecaille-pas-sans-odeur-90316147.html,"Lasure Biosourcée ""l'artisan"" Chêne Clair 2,5l 1919 By Mauler : ne pèle pas, ne s'écaille pas, sans odeur",  Le Terrier Blanc,"79,89€TTC","/pub/media/catalog/product/marketplace/MKP/83262274/26999cad3ee069be435b4bc8711e6626.jpeg?width=113&height=108&canvas=113:108&quality=65&bg-color=255,255,255&fit=bounds",REF : 90316147
https://www.bricoman.fr/pate-a-bois-a-l-eau-sintobois-couleur-chene-clair-cond-tube-de-80g-91860841.html,Pâte à bois à l'eau SintoBois - Couleur: Chêne clair - Cond.: Tube de 80g,  brico-travo,"6,19€TTC","/pub/media/catalog/product/marketplace/MKP/84434820/462398bb2e9177a456bf0bb64c248598.jpeg?width=113&height=108&canvas=113:108&quality=65&bg-color=255,255,255&fit=bounds",REF : 91860841
https://www.bricoman.fr/lasure-opaque-decorative-owatrol-solid-color-stain-mat-argile-ow2-2-5-litres-91932801.html,Lasure opaque décorative Owatrol SOLID COLOR STAIN MAT Argile (ow2) 2.5 litres,  brico-travo,"93,76€TTC","/pub/media/catalog/product/marketplace/MKP/84508355/1a33213193e69ddd024f07c77267f854.jpeg?width=113&height=108&canvas=113:108&quality=65&bg-color=255,255,255&fit=bounds",REF : 91932801
https://www.bricoman.fr/pate-a-bois-a-l-eau-sintobois-couleur-chene-moyen-cond-tube-de-80g-92151625.html,Pâte à bois à l'eau SintoBois - Couleur: Chêne moyen - Cond.: Tube de 80g,  brico-travo,"6,19€TTC","/pub/media/catalog/product/marketplace/MKP/84769106/462398bb2e9177a456bf0bb64c248598.jpeg?width=113&height=108&canvas=113:108&quality=65&bg-color=255,255,255&fit=bounds",REF : 92151625
https://www.bricoman.fr/teinte-et-cire-starwax-liquide-500-ml-chene-moyen-92055320.html,Teinte et cire Starwax - Liquide 500 ml - Chêne moyen,  brico-travo,"16,46€TTC","/pub/media/catalog/product/marketplace/MKP/84657036/ebf7ce690425222ba232980622df97ec.jpeg?width=113&height=108&canvas=113:108&quality=65&bg-color=255,255,255&fit=bounds",REF : 92055320
https://www.bricoman.fr/ripolin-peinture-murale-toutes-pieces-cassonade-satin-2-5l-934080.html,"Ripolin Peinture Murale Toutes Pieces - Cassonade Satin 2,5l",  Bricoman,"39,90€TTC","/pub/media/catalog/product/marketplace/MKP/88128545/613a91de316ef248a979d13a4e65c445.jpeg?width=113&height=108&canvas=113:108&quality=65&bg-color=255,255,255&fit=bounds",REF : 934080
https://www.bricoman.fr/lasure-biosourcee-l-artisan-blanc-creme-2-5l-1919-by-mauler-ne-pele-pas-ne-s-ecaille-pas-sans-odeur-90316589.html,"Lasure Biosourcée ""l'artisan"" Blanc Crème 2,5l 1919 By Mauler : ne pèle pas, ne s'écaille pas, sans odeur",  Le Terrier Blanc,"79,89€TTC","/pub/media/catalog/product/marketplace/MKP/83096751/6c4d47d2d03b101064872113c99d72ab.jpeg?width=113&height=108&canvas=113:108&quality=65&bg-color=255,255,255&fit=bounds",REF : 90316589
https://www.bricoman.fr/ancorbois-blanc-3l-peinture-de-protection-et-de-decoration-microporeuse-2-en-1-primaire-et-finition-bois-90359006.html,ANCORBOIS blanc 3L - Peinture de protection et de décoration microporeuse 2 en 1 (primaire et finition) bois,  ARTIPRO,"78,71€TTC","/pub/media/catalog/product/marketplace/MKP/83643755/9b98ef00db695eb9940a11c5cbcb9915.jpeg?width=113&height=108&canvas=113:108&quality=65&bg-color=255,255,255&fit=bounds",REF : 90359006
https://www.bricoman.fr/lasure-protection-intense-lx-525-92689126.html,Lasure protection intense LX 525,  Manubricole,"38,28€TTC","/pub/media/catalog/product/marketplace/MKP/85439550/8e8dc7b0360f551dc53509475a7a0e98.jpeg?width=113&height=108&canvas=113:108&quality=65&bg-color=255,255,255&fit=bounds",REF : 92689126
https://www.bricoman.fr/peinture-pour-bois-exterieur-opaque-finition-mate-owatrol-bois-color-gris-antique-2-5-litres-91883449.html,Peinture pour bois extérieur opaque - Finition Mate Owatrol BOIS COLOR Gris Antique 2.5 litres,  DURIEU,"82,78€TTC","/pub/media/catalog/product/marketplace/MKP/84466113/395af701b988381ca4d9e5744e8580e3.jpeg?width=113&height=108&canvas=113:108&quality=65&bg-color=255,255,255&fit=bounds",REF : 91883449
https://www.bricoman.fr/lasure-gris-anthracite-biosourcee-l-artisan-2-5l-1919-by-mauler-ne-pele-pas-ne-s-ecaille-pas-sans-odeur-90305523.html,"Lasure Gris Anthracite Biosourcée ""L'Artisan"" 2,5l 1919 By Mauler : ne pèle pas, ne s'écaille pas, sans odeur",  Le Terrier Blanc,"79,89€TTC","/pub/media/catalog/product/marketplace/MKP/83096755/429e55ad0cd756c14b1c4e7063df35f2.jpeg?width=113&height=108&canvas=113:108&quality=65&bg-color=255,255,255&fit=bounds",REF : 90305523
https://www.bricoman.fr/peinture-pour-bois-exterieur-opaque-finition-mate-owatrol-bois-color-blanc-ral-9010-1-litre-91883562.html,Peinture pour bois extérieur opaque - Finition Mate Owatrol BOIS COLOR Blanc RAL 9010 1 litre,  DURIEU,"35,41€TTC","/pub/media/catalog/product/marketplace/MKP/84466232/395af701b988381ca4d9e5744e8580e3.jpeg?width=113&height=108&canvas=113:108&quality=65&bg-color=255,255,255&fit=bounds",REF : 91883562
https://www.bricoman.fr/peinture-pour-bois-exterieur-opaque-finition-mate-owatrol-bois-color-blanc-ral-9010-2-5-litres-91883457.html,Peinture pour bois extérieur opaque - Finition Mate Owatrol BOIS COLOR Blanc RAL 9010 2.5 litres,  DURIEU,"82,78€TTC","/pub/media/catalog/product/marketplace/MKP/84466120/395af701b988381ca4d9e5744e8580e3.jpeg?width=113&height=108&canvas=113:108&quality=65&bg-color=255,255,255&fit=bounds",REF : 91883457
https://www.bricoman.fr/peinture-pour-bois-exterieur-opaque-finition-mate-owatrol-bois-color-lin-ral-9001-2-5-litres-91883482.html,Peinture pour bois extérieur opaque - Finition Mate Owatrol BOIS COLOR Lin RAL 9001 2.5 litres,  DURIEU,"82,78€TTC","/pub/media/catalog/product/marketplace/MKP/84466145/395af701b988381ca4d9e5744e8580e3.jpeg?width=113&height=108&canvas=113:108&quality=65&bg-color=255,255,255&fit=bounds",REF : 91883482
https://www.bricoman.fr/ripolin-peinture-murale-toutes-pieces-cassonade-satin-0-5l-933002.html,"Ripolin Peinture Murale Toutes Pieces - Cassonade Satin, 0,5l",  Bricoman,"16,90€TTC","/pub/media/catalog/product/marketplace/MKP/88128442/eeafeeeb68952d811ed8f29f9b37f610.jpeg?width=113&height=108&canvas=113:108&quality=65&bg-color=255,255,255&fit=bounds",REF : 933002
